user,assistant,topic,timestamp
What is data activism?,"Data activism is when people use data to support social change and raise awareness. It can involve analyzing public records, tracking trends, or using datasets to highlight issues or advocate for policy changes. 

For example, activists might use data to show how a school district is underfunding schools in certain neighborhoods. 

◦ It helps them build a case for change and can lead to more equitable policies. 

It's a powerful way to use information to make a difference in the world. 

◦",on-topic,2025-08-13T14:01:11.772445
What is Python?,"Python is a programming language that helps you solve problems and automate tasks. It's like a set of building blocks that you can use to create programs that do things like:

◦ Make a game
◦ Analyze data
◦ Create a website
◦ Organize a school project

Python is great for data science, web development, and even art because it's flexible and easy to learn. It's also used by many famous companies like Google, NASA, and Facebook.

It's called ""Python"" because it was created by a person named Guido van Rossum, who wanted to make a language that was fun to use and easy to read. 

◦ Python is often used in data activism because it lets you explore and visualize data in new ways. 

It's a powerful tool for anyone who wants to use programming to make a difference. 

◦",on-topic,2025-08-13T14:01:26.298156
Examples of Data Activism,"Data activism is when people use data to support social change and raise awareness. Here are some examples:

◦ **Tracking Voter Turnout:** Data activists might use voter turnout data to show how different communities are being underrepresented in elections.

◦ **Analyzing School Funding:** They could look at how much money each school district is spending on education and compare it to other districts.

◦ **Examining Police Use of Force:** Activists might analyze police reports to see if officers are using force in ways that violate civil rights.

◦ **Examining Environmental Policies:** They could look at data on pollution levels and compare them to the policies that are supposed to reduce it.

◦ **Examining Voting Rights:** Data activists might study voter registration rates and turnout to see if certain groups are being disenfranchised.

◦ **Examining School Funding:** They could look at how much money each school district is spending on education and compare it to other districts.

◦ **Examining Police Use of Force:** Activists might analyze police reports to see if officers are using force in ways that violate civil rights.

◦ **Examining Environmental Policies:** They could look at data on pollution levels and compare them to the policies that are supposed to reduce it.

◦ **Examining Voting Rights:** Data activists might study voter registration rates and turnout to see if certain groups are being disenfranchised.

◦ **Examining School Funding:** They could look at how much money each school district is spending on education and compare it to other districts.

◦ **Examining Police Use of Force:** Activists might analyze police reports to see if officers are using force in ways that violate civil rights.

◦ **Examining Environmental Policies:** They could look at data on pollution levels and compare them to the policies that are supposed to reduce it.

◦ **Examining Voting Rights:** Data activists might study voter registration rates and turnout to see if certain groups are being disenfranchised.

◦ **Examining School Funding:** They could look at how much money each school district is spending on education and compare it to other districts.

◦ **Examining Police Use of Force:** Activists might analyze police reports to see if officers are using force in ways that violate civil rights.

◦ **Examining Environmental Policies:** They could look at data on pollution levels and compare them to the policies that are supposed to reduce it.

◦ **Examining Voting Rights:** Data activists might study voter registration rates and turnout to see if certain groups are being disenfranchised.

◦ **Examining School Funding:** They could look at how much money each school district is spending on education and compare it to other districts.

◦ **Examining Police Use of Force:** Activists might analyze police reports to see if officers are using force in ways that violate civil rights.

◦ **Examining Environmental Policies:** They could look at data on pollution levels and compare them to the policies that are supposed to reduce it.

◦ **Examining Voting Rights:** Data activists might study voter registration rates and turnout to see if certain groups are being disenfranchised.

◦ **Examining School Funding:** They could look at how much money each school district is spending on education and compare it to other districts.

◦ **Examining Police Use of Force:** Activists might analyze police reports to see if officers are using force in ways that violate civil rights.

◦ **Examining Environmental Policies:** They could look at data on pollution levels and compare them to the policies that are supposed to reduce it.

◦ **Examining Voting Rights:** Data activists might study voter registration rates and turnout to see if certain groups are being disenfranchised.

◦ **Examining School Funding:** They could look at how much money each school district is spending on education and compare it to other districts.

◦ **Examining Police Use of Force:** Activists might analyze police reports to see if officers are using force in ways that violate civil rights.

◦ **Examining Environmental Policies:** They could look at data on pollution levels and compare them to the policies that are supposed to reduce it.

◦ **Examining Voting Rights:** Data activists might study voter registration rates and turnout to see if certain groups are being disenfranchised.

◦ **Examining School Funding:** They could look at how much money each school district is spending on education and compare it to other districts.

◦ **Examining Police Use of Force:** Activists might analyze police reports to see if officers are using force in ways that violate civil rights.

◦ **Examining Environmental Policies:** They could look at data on pollution levels and compare them to the policies that are supposed to reduce it.

◦ **Examining Voting Rights:** Data activists might study voter registration rates and turnout to see if certain groups are being disenfranchised.

◦ **Examining School Funding:** They could look at how much money each school district is spending on education and compare it to other districts.

◦ **Examining Police Use of Force:** Activists might analyze police reports to see if officers are using force in ways that violate civil rights.

◦ **Examining Environmental Policies:** They could look at data on pollution levels and compare",on-topic,2025-08-13T14:02:14.614619
